{"train": [2.7819599001860817, 2.3732537387077475, 2.0338406123159345, 1.8774088129770656, 1.805890238728405, 1.650596344951263, 1.767140384055366, 1.6733978697953145, 1.7873928553678773, 1.7255275429280337], "val": [2.048156457887569, 1.5057002888039244, 1.3870920287051671, 1.3019625074426893, 1.4404966601743385, 1.1625481021236366, 1.3062231663806898, 1.2707826022251112, 1.5595460903476661, 1.2346972811949646]}